,title,price,link,shipping,rating,seller,promotion,full,page
0,Apple iPhone 16 (128 GB) - Blanco - Distribuidor Autorizado,"$
4.649.000",https://www.mercadolibre.com.co/apple-iphone-16-128-gb-blanco-distribuidor-autorizado/p/MCO1040287791#polycard_client=search-nordic&searchVariation=MCO1040287791&position=3&search_layout=stack&type=product&tracking_id=42733af3-b198-48be-8890-03576767d4c6&wid=MCO2676515184&sid=search,Envío gratis,4.9,Apple,,FULL,1
1,Apple iPhone 16 Pro (128 GB) - Titanio blanco,"$
8.079.000",https://www.mercadolibre.com.co/apple-iphone-16-pro-128-gb-titanio-blanco/p/MCO40287849#polycard_client=search-nordic&searchVariation=MCO40287849&position=5&search_layout=stack&type=product&tracking_id=42733af3-b198-48be-8890-03576767d4c6&wid=MCO2700890982&sid=search,Envío gratis,4.8,ITECHNOLOGY,,,1
2,Apple iPhone 16 (128 GB) - Blanco,"$
5.312.857",https://www.mercadolibre.com.co/apple-iphone-16-128-gb-blanco/p/MCO40287791#polycard_client=search-nordic&searchVariation=MCO40287791&position=6&search_layout=stack&type=product&tracking_id=42733af3-b198-48be-8890-03576767d4c6&wid=MCO1512106913&sid=search,Envío gratis,4.7,ITECHNOLOGY,,,1
3,Apple iPhone 16 Pro Max (256 GB) - Titanio del desierto,"$
7.999.000",https://www.mercadolibre.com.co/apple-iphone-16-pro-max-256-gb-titanio-del-desierto/p/MCO40287856#polycard_client=search-nordic&searchVariation=MCO40287856&position=4&search_layout=stack&type=product&tracking_id=42733af3-b198-48be-8890-03576767d4c6&wid=MCO2838648250&sid=search,Envío gratis,4.8,ITECHNOLOGY,,FULL,1
4,Apple iPhone 16 Pro (128 GB) - Titanio natural - Distribuidor Autorizado,"$
5.799.000",https://www.mercadolibre.com.co/apple-iphone-16-pro-128-gb-titanio-natural-distribuidor-autorizado/p/MCO1040287833#polycard_client=search-nordic&searchVariation=MCO1040287833&position=13&search_layout=stack&type=product&tracking_id=42733af3-b198-48be-8890-03576767d4c6&wid=MCO1512398011&sid=search,Envío gratis,4.8,Apple,,FULL,1
5,Apple iPhone 15 128 GB Negro,"$
3.300.000",https://www.mercadolibre.com.co/apple-iphone-15-128-gb-negro/p/MCO27172677#polycard_client=search-nordic&searchVariation=MCO27172677&position=15&search_layout=stack&type=product&tracking_id=42733af3-b198-48be-8890-03576767d4c6&wid=MCO2814038764&sid=search,Envío gratis,4.8,Vendido por MAXTECHNOLOGY,,,1
6,Apple iPhone 16 Pro (256 GB) - Titanio del desierto,"$
6.529.000",https://www.mercadolibre.com.co/apple-iphone-16-pro-256-gb-titanio-del-desierto/p/MCO40287840#polycard_client=search-nordic&searchVariation=MCO40287840&position=10&search_layout=stack&type=product&tracking_id=42733af3-b198-48be-8890-03576767d4c6&wid=MCO2684417394&sid=search,Envío gratis,4.8,ITECHNOLOGY,,,1
7,Apple iPhone 16 Plus (128 GB) - Rosa - Distribuidor Autorizado,"$
5.229.000",https://www.mercadolibre.com.co/apple-iphone-16-plus-128-gb-rosa-distribuidor-autorizado/p/MCO1040287818#polycard_client=search-nordic&searchVariation=MCO1040287818&position=14&search_layout=stack&type=product&tracking_id=42733af3-b198-48be-8890-03576767d4c6&wid=MCO2676592620&sid=search,Envío gratis,5.0,Apple,,FULL,1
8,Apple iPhone 14 Pro Max 128 GB Morado oscuro,"$
3.990.900",https://www.mercadolibre.com.co/apple-iphone-14-pro-max-128-gb-morado-oscuro/p/MCO19615329#polycard_client=search-nordic&searchVariation=MCO19615329&position=24&search_layout=stack&type=product&tracking_id=42733af3-b198-48be-8890-03576767d4c6&wid=MCO1299059406&sid=search,Envío gratis,4.8,ARTEZCOM,,,1
9,Apple iPhone 14 (128 GB) - Morado - Excelente (Reacondicionado),"$
4.899.900",https://www.mercadolibre.com.co/apple-iphone-14-128-gb-morado-excelente-reacondicionado/p/MCO2000021911#polycard_client=search-nordic&searchVariation=MCO2000021911&position=18&search_layout=stack&type=product&tracking_id=42733af3-b198-48be-8890-03576767d4c6&wid=MCO1574949071&sid=search,Envío gratis,,REFURBI,,,1
10,Apple iPhone 16 Pro Max (1 TB) - Titanio del desierto,"$
8.543.900",https://www.mercadolibre.com.co/apple-iphone-16-pro-max-1-tb-titanio-del-desierto/p/MCO40287870#polycard_client=search-nordic&searchVariation=MCO40287870&position=8&search_layout=stack&type=product&tracking_id=42733af3-b198-48be-8890-03576767d4c6&wid=MCO2872649778&sid=search,Envío gratis,4.8,Vendido por VAGU_TECH,,,1
11,iPhone 13 Pro Max 256 GB azul sierra - Excelente (Reacondicionado),"$
3.500.000",https://www.mercadolibre.com.co/iphone-13-pro-max-256-gb-azul-sierra-excelente-reacondicionado/p/MCO2000058715#polycard_client=search-nordic&searchVariation=MCO2000058715&position=9&search_layout=stack&type=product&tracking_id=42733af3-b198-48be-8890-03576767d4c6&wid=MCO1568048293&sid=search,Envío gratis,,Vendido por NEXUSNEST,,,1
12,Apple iPhone 14 (128 GB) - Blanco estelar,"$
3.099.000",https://www.mercadolibre.com.co/apple-iphone-14-128-gb-blanco-estelar/p/MCO19615378#polycard_client=search-nordic&searchVariation=MCO19615378&position=19&search_layout=stack&type=product&tracking_id=42733af3-b198-48be-8890-03576767d4c6&wid=MCO1592653844&sid=search,Envío gratis,4.8,ARTEZCOM,,,1
13,iPhone 13 mini 256 GB blanco estelar - Excelente (Reacondicionado),"$
3.299.900",https://www.mercadolibre.com.co/iphone-13-mini-256-gb-blanco-estelar-excelente-reacondicionado/p/MCO2000038347#polycard_client=search-nordic&searchVariation=MCO2000038347&position=12&search_layout=stack&type=product&tracking_id=42733af3-b198-48be-8890-03576767d4c6&wid=MCO2837657522&sid=search,Envío gratis,5.0,REFURBI,,FULL,1
14,iPhone 13 Dual SIM 128 GB (product)red - Excelente (Reacondicionado),"$
2.400.000",https://www.mercadolibre.com.co/iphone-13-dual-sim-128-gb-productred-excelente-reacondicionado/p/MCO2000101472#polycard_client=search-nordic&searchVariation=MCO2000101472&position=7&search_layout=stack&type=product&tracking_id=42733af3-b198-48be-8890-03576767d4c6&wid=MCO1575763007&sid=search,Envío gratis,,Vendido por NEXUSNEST,,,1
15,iPhone 13 Pro Max 128 GB grafito - Excelente (Reacondicionado),"$
3.300.000",https://www.mercadolibre.com.co/iphone-13-pro-max-128-gb-grafito-excelente-reacondicionado/p/MCO2000127404#polycard_client=search-nordic&searchVariation=MCO2000127404&position=16&search_layout=stack&type=product&tracking_id=42733af3-b198-48be-8890-03576767d4c6&wid=MCO2847841492&sid=search,Envío gratis,,Vendido por NEXUSNEST,,,1
16,Apple iPhone 15 Pro (128 GB) - Titanio Blanco,"$
5.569.000",https://www.mercadolibre.com.co/apple-iphone-15-pro-128-gb-titanio-blanco/p/MCO27172707#polycard_client=search-nordic&searchVariation=MCO27172707&position=21&search_layout=stack&type=product&tracking_id=42733af3-b198-48be-8890-03576767d4c6&wid=MCO2415338472&sid=search,Envío gratis,4.9,GHOST STORE,,,1
17,Apple iPhone 12 (64 GB) - Blanco,"$
1.999.900",https://www.mercadolibre.com.co/apple-iphone-12-64-gb-blanco/p/MCO16163647#polycard_client=search-nordic&searchVariation=MCO16163647&position=11&search_layout=stack&type=product&tracking_id=42733af3-b198-48be-8890-03576767d4c6&wid=MCO1543615707&sid=search,Envío gratis,4.6,Tecnoova,,,1
18,Apple iPhone 13 Pro Max (256 GB) - Grafito,"$
3.900.000",https://www.mercadolibre.com.co/apple-iphone-13-pro-max-256-gb-grafito/p/MCO18494233#polycard_client=search-nordic&searchVariation=MCO18494233&position=28&search_layout=stack&type=product&tracking_id=42733af3-b198-48be-8890-03576767d4c6&wid=MCO1565271551&sid=search,Envío gratis,4.8,Vendido por JAVIHERNANVALLE,,,1
19,Apple iPhone 14 (256 GB) - Morado - Excelente (Reacondicionado),"$
3.200.000",https://www.mercadolibre.com.co/apple-iphone-14-256-gb-morado-excelente-reacondicionado/p/MCO2000155078#polycard_client=search-nordic&searchVariation=MCO2000155078&position=26&search_layout=stack&type=product&tracking_id=42733af3-b198-48be-8890-03576767d4c6&wid=MCO1564226273&sid=search,Envío gratis,,Vendido por DISTRIBUIDORA LPV,,,1
20,Apple iPhone 16 Pro Max (512 GB) - Titanio natural,"$
6.799.900",https://www.mercadolibre.com.co/apple-iphone-16-pro-max-512-gb-titanio-natural/p/MCO40287864#polycard_client=search-nordic&searchVariation=MCO40287864&position=20&search_layout=stack&type=product&tracking_id=42733af3-b198-48be-8890-03576767d4c6&wid=MCO1501032393&sid=search,Envío gratis,4.8,BOGOTAPRODUCTOS,,,1
21,Apple iPhone 11 (64 GB) - Negro,"$
1.884.168",https://www.mercadolibre.com.co/apple-iphone-11-64-gb-negro/p/MCO15149561#polycard_client=search-nordic&searchVariation=MCO15149561&position=22&search_layout=stack&type=product&tracking_id=42733af3-b198-48be-8890-03576767d4c6&wid=MCO1150786944&sid=search,Envío gratis,4.8,GAMEPLAYCOMCO,,,1
22,iPhone 12 128 GB azul - Excelente (Reacondicionado),"$
2.200.000",https://www.mercadolibre.com.co/iphone-12-128-gb-azul-excelente-reacondicionado/p/MCO2000047829#polycard_client=search-nordic&searchVariation=MCO2000047829&position=23&search_layout=stack&type=product&tracking_id=42733af3-b198-48be-8890-03576767d4c6&wid=MCO1564282343&sid=search,Envío gratis,,Vendido por DISTRIBUIDORA LPV,,,1
23,Nothing Phone (2a) Dual SIM 256 GB blanco 12 GB RAM,"$
1.899.900",https://www.mercadolibre.com.co/nothing-phone-2a-dual-sim-256-gb-blanco-12-gb-ram/p/MCO34472576#polycard_client=search-nordic&searchVariation=MCO34472576&position=17&search_layout=stack&type=product&tracking_id=42733af3-b198-48be-8890-03576767d4c6&wid=MCO2602689252&sid=search,Envío gratis,4.8,Twister Shop,,,1
24,Apple iPhone 15 (128 GB) - Amarillo - Excelente (Reacondicionado),"$
3.100.000",https://www.mercadolibre.com.co/apple-iphone-15-128-gb-amarillo-excelente-reacondicionado/p/MCO2000121632#polycard_client=search-nordic&searchVariation=MCO2000121632&position=31&search_layout=stack&type=product&tracking_id=42733af3-b198-48be-8890-03576767d4c6&wid=MCO1564675137&sid=search,Envío gratis,5.0,Vendido por DISTRIBUIDORA LPV,,,1
25,Apple iPhone 14 Plus (128 GB) - Blanco estelar - Excelente (Reacondicionado),"$
3.200.000",https://www.mercadolibre.com.co/apple-iphone-14-plus-128-gb-blanco-estelar-excelente-reacondicionado/p/MCO2000073723#polycard_client=search-nordic&searchVariation=MCO2000073723&position=32&search_layout=stack&type=product&tracking_id=42733af3-b198-48be-8890-03576767d4c6&wid=MCO1580956837&sid=search,Envío gratis,,Vendido por NEXUSNEST,,,1
26,iPhone 13 Pro 512 GB verde alpino - Excelente (Reacondicionado),"$
3.200.000",https://www.mercadolibre.com.co/iphone-13-pro-512-gb-verde-alpino-excelente-reacondicionado/p/MCO2000099552#polycard_client=search-nordic&searchVariation=MCO2000099552&position=27&search_layout=stack&type=product&tracking_id=42733af3-b198-48be-8890-03576767d4c6&wid=MCO1574269525&sid=search,Envío gratis,5.0,Vendido por NEXUSNEST,,,1
27,Apple iPhone 14 Pro (256 GB) - Color oro - Excelente (Reacondicionado),"$
5.299.900",https://www.mercadolibre.com.co/apple-iphone-14-pro-256-gb-color-oro-excelente-reacondicionado/p/MCO2000025263#polycard_client=search-nordic&searchVariation=MCO2000025263&position=34&search_layout=stack&type=product&tracking_id=42733af3-b198-48be-8890-03576767d4c6&wid=MCO2863567010&sid=search,Envío gratis,5.0,REFURBI,,,1
28,iPhone 13 Dual SIM 256 GB verde - Bueno (Reacondicionado),"$
2.100.000",https://www.mercadolibre.com.co/iphone-13-dual-sim-256-gb-verde-bueno-reacondicionado/p/MCO2000018675#polycard_client=search-nordic&searchVariation=MCO2000018675&position=29&search_layout=stack&type=product&tracking_id=42733af3-b198-48be-8890-03576767d4c6&wid=MCO1573143609&sid=search,Envío gratis,,Vendido por DTC_TIENDA,,,1
29,Apple iPhone 15 Pro Max (1 TB) - Titanio Negro,"$
7.959.405",https://www.mercadolibre.com.co/apple-iphone-15-pro-max-1-tb-titanio-negro/p/MCO27172719#polycard_client=search-nordic&searchVariation=MCO27172719&position=30&search_layout=stack&type=product&tracking_id=42733af3-b198-48be-8890-03576767d4c6&wid=MCO2017746668&sid=search,Envío gratis,4.9,ECONOVA TECNOLOGIA,,,1
30,Apple iPhone 15 (256 GB) - Azul - Excelente (Reacondicionado),"$
3.300.000",https://www.mercadolibre.com.co/apple-iphone-15-256-gb-azul-excelente-reacondicionado/p/MCO2000039397#polycard_client=search-nordic&searchVariation=MCO2000039397&position=25&search_layout=stack&type=product&tracking_id=42733af3-b198-48be-8890-03576767d4c6&wid=MCO1564590561&sid=search,Envío gratis,5.0,Vendido por DISTRIBUIDORA LPV,,,1
31,iPhone XR 128 GB azul - Excelente (Reacondicionado),"$
1.799.900",https://www.mercadolibre.com.co/iphone-xr-128-gb-azul-excelente-reacondicionado/p/MCO2000031547#polycard_client=search-nordic&searchVariation=MCO2000031547&position=41&search_layout=stack&type=product&tracking_id=42733af3-b198-48be-8890-03576767d4c6&wid=MCO2811059584&sid=search,Envío gratis,,REFURBI,,FULL,1
32,Apple iPhone 14 Pro (128 GB) - Morado oscuro - Excelente (Reacondicionado),"$
3.800.000",https://www.mercadolibre.com.co/apple-iphone-14-pro-128-gb-morado-oscuro-excelente-reacondicionado/p/MCO2000137972#polycard_client=search-nordic&searchVariation=MCO2000137972&position=42&search_layout=stack&type=product&tracking_id=42733af3-b198-48be-8890-03576767d4c6&wid=MCO1574180749&sid=search,Envío gratis,5.0,Vendido por NEXUSNEST,,,1
33,iPhone 11 Pro Max 64 GB gris espacial - Excelente (Reacondicionado),"$
1.590.000",https://www.mercadolibre.com.co/iphone-11-pro-max-64-gb-gris-espacial-excelente-reacondicionado/p/MCO2000125630#polycard_client=search-nordic&searchVariation=MCO2000125630&position=37&search_layout=stack&type=product&tracking_id=42733af3-b198-48be-8890-03576767d4c6&wid=MCO2855459040&sid=search,Envío gratis,,CELULANDER,,,1
34,Apple iPhone 11 (128 GB) - Blanco,"$
1.998.695",https://www.mercadolibre.com.co/apple-iphone-11-128-gb-blanco/p/MCO15149568#polycard_client=search-nordic&searchVariation=MCO15149568&position=40&search_layout=stack&type=product&tracking_id=42733af3-b198-48be-8890-03576767d4c6&wid=MCO2854650664&sid=search,Envío gratis,4.8,Vendido por NARVAEZADRIANA83,,,1
35,Apple iPhone 14 Pro Max (1 TB) - Negro espacial,"$
9.748.375",https://www.mercadolibre.com.co/apple-iphone-14-pro-max-1-tb-negro-espacial/p/MCO19615318#polycard_client=search-nordic&searchVariation=MCO19615318&position=38&search_layout=stack&type=product&tracking_id=42733af3-b198-48be-8890-03576767d4c6&wid=MCO2257731910&sid=search,Envío gratis,4.8,ITECHNOLOGY,,,1
36,iPhone 12 Pro 256 GB azul pacífico - Excelente (Reacondicionado),"$
2.800.000",https://www.mercadolibre.com.co/iphone-12-pro-256-gb-azul-pacifico-excelente-reacondicionado/p/MCO2000095024#polycard_client=search-nordic&searchVariation=MCO2000095024&position=39&search_layout=stack&type=product&tracking_id=42733af3-b198-48be-8890-03576767d4c6&wid=MCO1568148821&sid=search,Envío gratis,,Vendido por NEXUSNEST,,,1
37,iPhone 12 Pro Max De 128gb 6gb Ram Dual Sim,"$
3.200.000",https://articulo.mercadolibre.com.co/MCO-1515698953-iphone-12-pro-max-de-128gb-6gb-ram-dual-sim-_JM?searchVariation=186324940011#polycard_client=search-nordic&searchVariation=186324940011&position=43&search_layout=stack&type=item&tracking_id=42733af3-b198-48be-8890-03576767d4c6,Envío gratis,4.0,Vendido por TEAMMOBILEBQ,,,1
38,iPhone 16 Pro 128gb E-sim,"$
4.999.900",https://articulo.mercadolibre.com.co/MCO-1508651129-iphone-16-pro-128gb-e-sim-_JM?searchVariation=182285945112#polycard_client=search-nordic&searchVariation=182285945112&position=44&search_layout=stack&type=item&tracking_id=42733af3-b198-48be-8890-03576767d4c6,Envío gratis,,BOGOTAPRODUCTOS,,,1
39,Apple iPhone 12 Pro Liberado 128gb 6gb Ram Dual Sim,"$
2.600.000",https://articulo.mercadolibre.com.co/MCO-1511360931-apple-iphone-12-pro-liberado-128gb-6gb-ram-dual-sim-_JM?searchVariation=186199380351#polycard_client=search-nordic&searchVariation=186199380351&position=45&search_layout=stack&type=item&tracking_id=42733af3-b198-48be-8890-03576767d4c6,Envío gratis,,Vendido por TEAMMOBILEBQ,,,1
40,iPhone 15 Pro 128gb Esim Apple - Liberado,"$
4.790.000",https://articulo.mercadolibre.com.co/MCO-2796543350-iphone-15-pro-128gb-esim-apple-liberado-_JM?searchVariation=186704107607#polycard_client=search-nordic&searchVariation=186704107607&position=46&search_layout=stack&type=item&tracking_id=42733af3-b198-48be-8890-03576767d4c6,Envío gratis,,Vendido por TEAMMOBILEBQ,,,1
41,iPhone 12 Apple 128gb Dual Sim 4gb Ram Liberado,"$
2.800.000",https://articulo.mercadolibre.com.co/MCO-1529117149-iphone-12-apple-128gb-dual-sim-4gb-ram-liberado-_JM?searchVariation=182742369682#polycard_client=search-nordic&searchVariation=182742369682&position=47&search_layout=stack&type=item&tracking_id=42733af3-b198-48be-8890-03576767d4c6,Envío gratis,,Vendido por TEAMMOBILEBQ,,,1
42,Celular iPhone 14 128gb Blanco Estelar,"$
2.299.900",https://articulo.mercadolibre.com.co/MCO-2662758698-celular-iphone-14-128gb-blanco-estelar-_JM?searchVariation=181709395272#polycard_client=search-nordic&searchVariation=181709395272&position=48&search_layout=stack&type=item&tracking_id=42733af3-b198-48be-8890-03576767d4c6,Envío gratis,,REFURBI,,FULL,1
43,Combo iPhone 13 128 Gb Blanco + Smartphone De Gama Baja,"$
3.499.900",https://articulo.mercadolibre.com.co/MCO-1536038437-combo-iphone-13-128-gb-blanco-smartphone-de-gama-baja-_JM?searchVariation=186824016323#polycard_client=search-nordic&searchVariation=186824016323&position=49&search_layout=stack&type=item&tracking_id=42733af3-b198-48be-8890-03576767d4c6,Envío gratis,5.0,REFURBI,,,1
44,Apple iPhone 13 Pro Max (128 Gb) - Color Dorado,"$
3.500.000",https://articulo.mercadolibre.com.co/MCO-2703425092-apple-iphone-13-pro-max-128-gb-color-dorado-_JM?searchVariation=185541983905#polycard_client=search-nordic&searchVariation=185541983905&position=50&search_layout=stack&type=item&tracking_id=42733af3-b198-48be-8890-03576767d4c6,Envío gratis,5.0,Vendido por TEAMMOBILEBQ,,,1
45,Apple iPhone 15 Pro (128 GB) - Titanio Negro - Excelente (Reacondicionado),"$
4.200.000",https://www.mercadolibre.com.co/apple-iphone-15-pro-128-gb-titanio-negro-excelente-reacondicionado/p/MCO2000057633#polycard_client=search-nordic&searchVariation=MCO2000057633&position=36&search_layout=stack&type=product&tracking_id=42733af3-b198-48be-8890-03576767d4c6&wid=MCO1574945993&sid=search,Envío gratis,,Vendido por DISTRIBUIDORA LPV,,,1
46,iPhone 15 Esim Apple 128gb Dual Sim 6gb Ram Liberado,"$
4.050.000",https://articulo.mercadolibre.com.co/MCO-1529203121-iphone-15-esim-apple-128gb-dual-sim-6gb-ram-liberado-_JM?searchVariation=186703900103#polycard_client=search-nordic&searchVariation=186703900103&position=51&search_layout=stack&type=item&tracking_id=42733af3-b198-48be-8890-03576767d4c6,Envío gratis,,Vendido por TEAMMOBILEBQ,,,1
47,Combo: Nothing Phone 2a 12gb 256gb Dual Sim 5g + Cmf Buds,"$
1.990.000",https://articulo.mercadolibre.com.co/MCO-2650689184-combo-nothing-phone-2a-12gb-256gb-dual-sim-5g-cmf-buds-_JM?searchVariation=181603416376#polycard_client=search-nordic&searchVariation=181603416376&position=52&search_layout=stack&type=item&tracking_id=42733af3-b198-48be-8890-03576767d4c6,Envío gratis,5.0,juanbyalfonso,,,1
48,iPhone 13 mini 128 GB verde - Bueno (Reacondicionado),"$
1.799.900",https://www.mercadolibre.com.co/iphone-13-mini-128-gb-verde-bueno-reacondicionado/p/MCO2000106908#polycard_client=search-nordic&searchVariation=MCO2000106908&position=33&search_layout=stack&type=product&tracking_id=42733af3-b198-48be-8890-03576767d4c6&wid=MCO1564640945&sid=search,Envío gratis,5.0,Celucambio,,,1
49,iPhone 12 256 GB negro - Bueno (Reacondicionado),"$
1.599.900",https://www.mercadolibre.com.co/iphone-12-256-gb-negro-bueno-reacondicionado/p/MCO2000020759#polycard_client=search-nordic&searchVariation=MCO2000020759&position=35&search_layout=stack&type=product&tracking_id=42733af3-b198-48be-8890-03576767d4c6&wid=MCO1575058863&sid=search,Envío gratis,,Celucambio,,,1
50,iPhone XR 64 GB blanco - Bueno (Reacondicionado),"$
1.299.900",https://www.mercadolibre.com.co/iphone-xr-64-gb-blanco-bueno-reacondicionado/p/MCO2000120584#polycard_client=search-nordic&searchVariation=MCO2000120584&position=2&search_layout=stack&type=product&tracking_id=dd598752-c309-48cd-8e52-dd3d544a76bb&wid=MCO2843354442&sid=search,Envío gratis,,Celucambio,,,2
51,Celular Reacondicionado Phone 13 Pro Max 128gb+accesorios,"$
3.105.000",https://articulo.mercadolibre.com.co/MCO-2743958284-celular-reacondicionado-phone-13-pro-max-128gbaccesorios-_JM?searchVariation=182255854532#polycard_client=search-nordic&searchVariation=182255854532&position=16&search_layout=stack&type=item&tracking_id=dd598752-c309-48cd-8e52-dd3d544a76bb,Llega gratis mañana,,Vendido por PASSCALLTECHNOLOGY,,,2
52,iPhone 12 mini 128 GB (product)red - Excelente (Reacondicionado),"$
2.299.900",https://www.mercadolibre.com.co/iphone-12-mini-128-gb-productred-excelente-reacondicionado/p/MCO2000016083#polycard_client=search-nordic&searchVariation=MCO2000016083&position=3&search_layout=stack&type=product&tracking_id=dd598752-c309-48cd-8e52-dd3d544a76bb&wid=MCO2810095626&sid=search,Llega gratis mañana,5.0,REFURBI,,FULL,2
53,iPhone 15 Esim Apple 128gb Dual Sim 6gb Ram Liberado,"$
4.050.000",https://articulo.mercadolibre.com.co/MCO-1529203121-iphone-15-esim-apple-128gb-dual-sim-6gb-ram-liberado-_JM?searchVariation=186703900103#polycard_client=search-nordic&searchVariation=186703900103&position=17&search_layout=stack&type=item&tracking_id=dd598752-c309-48cd-8e52-dd3d544a76bb,Envío gratis,,Vendido por TEAMMOBILEBQ,,,2
54,Celular iPhone 14 128gb Negro Reaconicionado,"$
2.589.900",https://articulo.mercadolibre.com.co/MCO-2815222808-celular-iphone-14-128gb-negro-reaconicionado-_JM?searchVariation=182889313920#polycard_client=search-nordic&searchVariation=182889313920&position=18&search_layout=stack&type=item&tracking_id=dd598752-c309-48cd-8e52-dd3d544a76bb,Llega gratis mañana,,Estilo Net,,,2
55,Apple iPhone 14 De 128gb Azul 12 Meses De Garantia,"$
2.920.000",https://articulo.mercadolibre.com.co/MCO-2821471098-apple-iphone-14-de-128gb-azul-12-meses-de-garantia-_JM?searchVariation=182970584542#polycard_client=search-nordic&searchVariation=182970584542&position=19&search_layout=stack&type=item&tracking_id=dd598752-c309-48cd-8e52-dd3d544a76bb,Envío gratis,,Vendido por TEAMMOBILEBQ,,,2
56,Sky Devices Sky Energy Dual SIM 32 MB yellow/black 32 MB RAM,"$
99.994",https://www.mercadolibre.com.co/sky-devices-sky-energy-dual-sim-32-mb-yellowblack-32-mb-ram/p/MCO18926755#polycard_client=search-nordic&searchVariation=MCO18926755&position=4&search_layout=stack&type=product&tracking_id=dd598752-c309-48cd-8e52-dd3d544a76bb&wid=MCO2818912498&sid=search,Llega gratis mañana,,ETIEMDACOL,,,2
57,iPhone 14 Pro Max De 256gb Morado Esim Bat 97% (como Nuevo),"$
4.600.000",https://articulo.mercadolibre.com.co/MCO-2702194524-iphone-14-pro-max-de-256gb-morado-esim-bat-97-como-nuevo-_JM?searchVariation=185521437717#polycard_client=search-nordic&searchVariation=185521437717&position=20&search_layout=stack&type=item&tracking_id=dd598752-c309-48cd-8e52-dd3d544a76bb,Envío gratis,,Vendido por TEAMMOBILEBQ,,,2
58,iPhone 13 De 128 Gb Como Nuevo,"$
1.790.000",https://articulo.mercadolibre.com.co/MCO-2845845474-iphone-13-de-128-gb-como-nuevo-_JM?searchVariation=187480192303#polycard_client=search-nordic&searchVariation=187480192303&position=21&search_layout=stack&type=item&tracking_id=dd598752-c309-48cd-8e52-dd3d544a76bb,Envío gratis,5.0,Vendido por JR20250215171032,,,2
59,Para Teléfonos Celulares Plegables Pequeños I16pro,"$
60.032",https://articulo.mercadolibre.com.co/MCO-1557691215-para-telefonos-celulares-plegables-pequenos-i16pro-_JM?searchVariation=187255447799#polycard_client=search-nordic&searchVariation=187255447799&position=22&search_layout=stack&type=item&tracking_id=dd598752-c309-48cd-8e52-dd3d544a76bb,,,Vendido por BUNNYSHOPCO,,,2
60,/ Mini Smartphone Android Ultrapequeño Para Estudiantes.,"$
169.105",https://articulo.mercadolibre.com.co/MCO-2814187362--mini-smartphone-android-ultrapequeno-para-estudiantes-_JM?searchVariation=182879638770#polycard_client=search-nordic&searchVariation=182879638770&position=23&search_layout=stack&type=item&tracking_id=dd598752-c309-48cd-8e52-dd3d544a76bb,Envío gratis,,,,,2
61,Apple iPhone XR 256 Gb - Negro,"$
1.399.000",https://articulo.mercadolibre.com.co/MCO-2702284594-apple-iphone-xr-256-gb-negro-_JM?searchVariation=181942369818#polycard_client=search-nordic&searchVariation=181942369818&position=24&search_layout=stack&type=item&tracking_id=dd598752-c309-48cd-8e52-dd3d544a76bb,Llega gratis mañana,,BOGOTAPRODUCTOS,,,2
62,iPhone 13 Pro Max De 128gb Color Negro,"$
3.500.000",https://articulo.mercadolibre.com.co/MCO-1493846895-iphone-13-pro-max-de-128gb-color-negro-_JM?searchVariation=185541484771#polycard_client=search-nordic&searchVariation=185541484771&position=25&search_layout=stack&type=item&tracking_id=dd598752-c309-48cd-8e52-dd3d544a76bb,Envío gratis,5.0,Vendido por TEAMMOBILEBQ,,,2
63,Celular iPhone 13 128gb Azul,"$
2.899.900",https://articulo.mercadolibre.com.co/MCO-908841386-celular-iphone-13-128gb-azul-_JM?searchVariation=174644989149#polycard_client=search-nordic&searchVariation=174644989149&position=26&search_layout=stack&type=item&tracking_id=dd598752-c309-48cd-8e52-dd3d544a76bb,Envío gratis,,REFURBI,,,2
64,For Mini Smartphone Android Ultrapequeño For Students 2025,"$
131.902",https://articulo.mercadolibre.com.co/MCO-1549893413-for-mini-smartphone-android-ultrapequeno-for-students-2025-_JM?searchVariation=187092364617#polycard_client=search-nordic&searchVariation=187092364617&position=27&search_layout=stack&type=item&tracking_id=dd598752-c309-48cd-8e52-dd3d544a76bb,Envío gratis,3.8,Vendido por CNROCOROSE-COR,,,2
65,iPhone 16 128gb E-sim,"$
4.427.800",https://articulo.mercadolibre.com.co/MCO-1508587387-iphone-16-128gb-e-sim-_JM?searchVariation=182286014922#polycard_client=search-nordic&searchVariation=182286014922&position=28&search_layout=stack&type=item&tracking_id=dd598752-c309-48cd-8e52-dd3d544a76bb,Llega gratis mañana,,BOGOTAPRODUCTOS,,,2
66,iPhone 12 64gb Dual Sim 5g Liberado - Excelente Estado,"$
1.399.000",https://articulo.mercadolibre.com.co/MCO-2857370534-iphone-12-64gb-dual-sim-5g-liberado-excelente-estado-_JM?searchVariation=187703048727#polycard_client=search-nordic&searchVariation=187703048727&position=29&search_layout=stack&type=item&tracking_id=dd598752-c309-48cd-8e52-dd3d544a76bb,Llega gratis mañana,,Vendido por PELU20240422213456,,,2
67,Celular Apple iPhone 13 128gb Blanco Open Box,"$
3.139.900",https://articulo.mercadolibre.com.co/MCO-961444232-celular-apple-iphone-13-128gb-blanco-open-box-_JM?searchVariation=175516880572#polycard_client=search-nordic&searchVariation=175516880572&position=30&search_layout=stack&type=item&tracking_id=dd598752-c309-48cd-8e52-dd3d544a76bb,Llega gratis mañana,,Estilo Net,,,2
68,Asus Rog Phone 6 Dual Sim 512 Gb Blanco 16 Gb Ram,"$
3.074.847",https://www.mercadolibre.com.co/kl-asus-rog-phone-6-dual-sim-512-gb-plata-16-gb-ram/p/MCO2003045708#polycard_client=search-nordic&searchVariation=MCO2003045708&position=5&search_layout=stack&type=product&tracking_id=dd598752-c309-48cd-8e52-dd3d544a76bb&wid=MCO1413262223&sid=search,Envío gratis,5.0,Vendido por CNDONGGUANYONGQIANTECHNCOR,,,2
69,iPhone 15 Pro 128gb Esim Apple - Liberado,"$
4.800.000",https://articulo.mercadolibre.com.co/MCO-2796525880-iphone-15-pro-128gb-esim-apple-liberado-_JM?searchVariation=186703904425#polycard_client=search-nordic&searchVariation=186703904425&position=31&search_layout=stack&type=item&tracking_id=dd598752-c309-48cd-8e52-dd3d544a76bb,Envío gratis,,Vendido por TEAMMOBILEBQ,,,2
70,Apple iPhone X 256 GB 3GB RAM Gris Espacial - Bueno (Reacondicionado),"$
984.900",https://www.mercadolibre.com.co/apple-iphone-x-256-gb-3gb-ram-gris-espacial-bueno-reacondicionado/p/MCO2000133228#polycard_client=search-nordic&searchVariation=MCO2000133228&position=6&search_layout=stack&type=product&tracking_id=dd598752-c309-48cd-8e52-dd3d544a76bb&wid=MCO2843321732&sid=search,Envío gratis,,Celucambio,,,2
71,Para Mini Smartphone Android Ultrapequeño Para Estudiantes,"$
145.346",https://articulo.mercadolibre.com.co/MCO-2858165174-para-mini-smartphone-android-ultrapequeno-para-estudiantes-_JM?searchVariation=183479754828#polycard_client=search-nordic&searchVariation=183479754828&position=32&search_layout=stack&type=item&tracking_id=dd598752-c309-48cd-8e52-dd3d544a76bb,Envío gratis,,Vendido por CNRUZHOUSHIHAOYANSHANGMCOR,,,2
72,iPhone 13 Pro Max 256gb Grafito,"$
2.999.900",https://articulo.mercadolibre.com.co/MCO-1558975899-iphone-13-pro-max-256gb-grafito-_JM?searchVariation=183180290288#polycard_client=search-nordic&searchVariation=183180290288&position=33&search_layout=stack&type=item&tracking_id=dd598752-c309-48cd-8e52-dd3d544a76bb,Envío gratis,,Celucambio,,,2
73,K Unihertz Phone Unihertz Tank 3s 16 Gb 512 Gb 15600 Mah Ip68,"$
2.797.218",https://www.mercadolibre.com.co/k-unihertz-phone-unihertz-tank-3s-16-gb-512-gb-15600-mah-ip68/p/MCO2003081762#polycard_client=search-nordic&searchVariation=MCO2003081762&position=49&search_layout=stack&type=product&tracking_id=dd598752-c309-48cd-8e52-dd3d544a76bb&wid=&sid=search,,5.0,,,,2
74,Apple iPhone 14 Pro (128 Gb) - Negro Espacial,"$
3.900.000",https://articulo.mercadolibre.com.co/MCO-2708286014-apple-iphone-14-pro-128-gb-negro-espacial-_JM?searchVariation=185613749187#polycard_client=search-nordic&searchVariation=185613749187&position=34&search_layout=stack&type=item&tracking_id=dd598752-c309-48cd-8e52-dd3d544a76bb,Envío gratis,5.0,Vendido por TEAMMOBILEBQ,,,2
75,Celular Reacondicionado iPhone 13promax 128gb Negro+acceso,"$
2.990.000",https://articulo.mercadolibre.com.co/MCO-1415236615-celular-reacondicionado-iphone-13promax-128gb-negroacceso-_JM?searchVariation=182532180939#polycard_client=search-nordic&searchVariation=182532180939&position=35&search_layout=stack&type=item&tracking_id=dd598752-c309-48cd-8e52-dd3d544a76bb,Envío gratis,5.0,CELULANDER,,,2
76,iPhone XS Max 64 GB gris espacial - Excelente (Reacondicionado),"$
1.699.900",https://www.mercadolibre.com.co/iphone-xs-max-64-gb-gris-espacial-excelente-reacondicionado/p/MCO2000117594#polycard_client=search-nordic&searchVariation=MCO2000117594&position=14&search_layout=stack&type=product&tracking_id=dd598752-c309-48cd-8e52-dd3d544a76bb&wid=MCO1579286909&sid=search,Envío gratis,,REFURBI,,,2
77,"Teléfono Con Tapa, Doble Pantalla, Doble Sim, Función Esper","$
173.756",https://articulo.mercadolibre.com.co/MCO-2746358116-telefono-con-tapa-doble-pantalla-doble-sim-funcion-esper-_JM?searchVariation=186111794671#polycard_client=search-nordic&searchVariation=186111794671&position=36&search_layout=stack&type=item&tracking_id=dd598752-c309-48cd-8e52-dd3d544a76bb,Envío gratis,2.3,Vendido por HARUFOXCO,,,2
78,iPhone XS 64 GB plata - Bueno (Reacondicionado),"$
1.299.900",https://www.mercadolibre.com.co/iphone-xs-64-gb-plata-bueno-reacondicionado/p/MCO2000108528#polycard_client=search-nordic&searchVariation=MCO2000108528&position=11&search_layout=stack&type=product&tracking_id=dd598752-c309-48cd-8e52-dd3d544a76bb&wid=MCO1563759407&sid=search,Envío gratis,,Celucambio,,,2
79,"Miniteléfono K688 Hello Kitty Con Tapa, Bonito Par De Teléfo","$
148.474",https://www.mercadolibre.com.co/mini-telefono-k688-hello-kitty-con-tapa-bonito-telefono-par/p/MCO2003363465#polycard_client=search-nordic&searchVariation=MCO2003363465&position=12&search_layout=stack&type=product&tracking_id=dd598752-c309-48cd-8e52-dd3d544a76bb&wid=MCO1521819639&sid=search,Envío gratis,,,,,2
80,"Teléfono Con Tapa, Doble Pantalla, Doble Sim, Función Esper","$
177.307",https://articulo.mercadolibre.com.co/MCO-2832543270-telefono-con-tapa-doble-pantalla-doble-sim-funcion-esper-_JM?searchVariation=187211548287#polycard_client=search-nordic&searchVariation=187211548287&position=37&search_layout=stack&type=item&tracking_id=dd598752-c309-48cd-8e52-dd3d544a76bb,Envío gratis,,Vendido por CNPCTIENDA-COR,,,2
81,Mini Smartphone Android Ultrapequeño Para Estudiantes 2024.,"$
143.612",https://articulo.mercadolibre.com.co/MCO-1549755217-mini-smartphone-android-ultrapequeno-para-estudiantes-2024-_JM?searchVariation=187093277579#polycard_client=search-nordic&searchVariation=187093277579&position=38&search_layout=stack&type=item&tracking_id=dd598752-c309-48cd-8e52-dd3d544a76bb,Envío gratis,,Vendido por CNSHENZHENSHISHANGCHUKECOR,,,2
82,Celular iPhone SE 128gb Blanco Apple,"$
749.900",https://articulo.mercadolibre.com.co/MCO-843914752-celular-iphone-se-128gb-blanco-apple-_JM?searchVariation=174029178516#polycard_client=search-nordic&searchVariation=174029178516&position=39&search_layout=stack&type=item&tracking_id=dd598752-c309-48cd-8e52-dd3d544a76bb,Envío gratis,,Celucambio,,,2
83,iPhone SE 2022 128 Gb Reacondicionado,"$
1.094.900",https://articulo.mercadolibre.com.co/MCO-1425458835-iphone-se-2022-128-gb-reacondicionado-_JM?searchVariation=180502016064#polycard_client=search-nordic&searchVariation=180502016064&position=40&search_layout=stack&type=item&tracking_id=dd598752-c309-48cd-8e52-dd3d544a76bb,Envío gratis,,Celucambio,,,2
84,Apple iPhone 11 (256 GB) - Negro - Bueno (Reacondicionado),"$
1.799.900",https://www.mercadolibre.com.co/apple-iphone-11-256-gb-negro-bueno-reacondicionado/p/MCO2000012509#polycard_client=search-nordic&searchVariation=MCO2000012509&position=9&search_layout=stack&type=product&tracking_id=dd598752-c309-48cd-8e52-dd3d544a76bb&wid=MCO1575113787&sid=search,Envío gratis,,Celucambio,,,2
85,Apple iPhone 13 Pro (128 GB) - Grafito,"$
2.999.900",https://www.mercadolibre.com.co/apple-iphone-13-pro-128-gb-grafito/p/MCO18494248#polycard_client=search-nordic&searchVariation=MCO18494248&position=13&search_layout=stack&type=product&tracking_id=dd598752-c309-48cd-8e52-dd3d544a76bb&wid=MCO2632342642&sid=search,Envío gratis,3.5,Vendido por MOBILE CONNECTION,,,2
86,Mini Smartphone Android Ultrapequeño Para Estudiantes 2024.,"$
156.422",https://articulo.mercadolibre.com.co/MCO-1516252631-mini-smartphone-android-ultrapequeno-para-estudiantes-2024-_JM?searchVariation=186341161609#polycard_client=search-nordic&searchVariation=186341161609&position=41&search_layout=stack&type=item&tracking_id=dd598752-c309-48cd-8e52-dd3d544a76bb,Envío gratis,4.3,Vendido por CNHEISHI-COR,,,2
87,iPhone 8 Plus 64 GB gris espacial - Bueno (Reacondicionado),"$
1.099.900",https://www.mercadolibre.com.co/iphone-8-plus-64-gb-gris-espacial-bueno-reacondicionado/p/MCO2000023285#polycard_client=search-nordic&searchVariation=MCO2000023285&position=16&search_layout=stack&type=product&tracking_id=dd598752-c309-48cd-8e52-dd3d544a76bb&wid=MCO1564563223&sid=search,Envío gratis,,Celucambio,,,2
88,iPhone 11 Pro Max 256 GB verde medianoche - Excelente (Reacondicionado),"$
2.500.000",https://www.mercadolibre.com.co/iphone-11-pro-max-256-gb-verde-medianoche-excelente-reacondicionado/p/MCO2000132172#polycard_client=search-nordic&searchVariation=MCO2000132172&position=10&search_layout=stack&type=product&tracking_id=dd598752-c309-48cd-8e52-dd3d544a76bb&wid=MCO2846598952&sid=search,Envío gratis,,Vendido por NEXUSNEST,,,2
89,Asus Rog Phone 6 Dual Sim 512 Gb Plata 16 Gb Ram,"$
3.097.507",https://www.mercadolibre.com.co/asus-rog-phone-6-dual-sim-512-gb-blanco-16-gb-ram/p/MCO2005203480#polycard_client=search-nordic&searchVariation=MCO2005203480&position=7&search_layout=stack&type=product&tracking_id=dd598752-c309-48cd-8e52-dd3d544a76bb&wid=MCO1413326151&sid=search,Envío gratis,,Vendido por CNDONGGUANYONGQIANTECHNCOR,,,2
90,Mini Smartphone Android Ultrapequeño Para Estudiantes 2024.,"$
143.612",https://articulo.mercadolibre.com.co/MCO-1549780895-mini-smartphone-android-ultrapequeno-para-estudiantes-2024-_JM?searchVariation=187093267567#polycard_client=search-nordic&searchVariation=187093267567&position=42&search_layout=stack&type=item&tracking_id=dd598752-c309-48cd-8e52-dd3d544a76bb,Envío gratis,,Vendido por CNSHENZHENKEWEICHUANGXICOR,,,2
91,iPhone SE (2nd Generation) 64 GB blanco - Bueno (Reacondicionado),"$
599.900",https://www.mercadolibre.com.co/iphone-se-2nd-generation-64-gb-blanco-bueno-reacondicionado/p/MCO2000026683#polycard_client=search-nordic&searchVariation=MCO2000026683&position=8&search_layout=stack&type=product&tracking_id=dd598752-c309-48cd-8e52-dd3d544a76bb&wid=MCO2846811452&sid=search,Envío gratis,,Celucambio,,,2
92,iPhone SE (2nd Generation) 256 GB (product)red - Bueno (Reacondicionado),"$
949.900",https://www.mercadolibre.com.co/iphone-se-2nd-generation-256-gb-productred-bueno-reacondicionado/p/MCO2000019851#polycard_client=search-nordic&searchVariation=MCO2000019851&position=1&search_layout=stack&type=product&tracking_id=dd598752-c309-48cd-8e52-dd3d544a76bb&wid=MCO2837021382&sid=search,Envío gratis,,Celucambio,,,2
93,Celular iPhone 7 Plus 32gb Plata Apple Reacondiconado,"$
634.900",https://articulo.mercadolibre.com.co/MCO-843947187-celular-iphone-7-plus-32gb-plata-apple-reacondiconado-_JM?searchVariation=174029215458#polycard_client=search-nordic&searchVariation=174029215458&position=43&search_layout=stack&type=item&tracking_id=dd598752-c309-48cd-8e52-dd3d544a76bb,Envío gratis,,Celucambio,,,2
94,New Mini Smartphone Android Ultrapequeño Para Estudiantes.,"$
212.861",https://articulo.mercadolibre.com.co/MCO-2822180400-new-mini-smartphone-android-ultrapequeno-para-estudiantes-_JM?searchVariation=182981137046#polycard_client=search-nordic&searchVariation=182981137046&position=44&search_layout=stack&type=item&tracking_id=dd598752-c309-48cd-8e52-dd3d544a76bb,Envío gratis,,Vendido por 3CBROTHERCO,,,2
95,"Apple iPhone XS Max, 64 Gb, Gris Espacial, Totalmente","$
2.168.990",https://articulo.mercadolibre.com.co/MCO-2810130994-apple-iphone-xs-max-64-gb-gris-espacial-totalmente-_JM#polycard_client=search-nordic&position=45&search_layout=stack&type=item&tracking_id=dd598752-c309-48cd-8e52-dd3d544a76bb,Envío gratis,,Vendido por USGLICGLOBALCOR,,,2
96,Celular iPhone 13 128 Gb Reacondicionado + Auriculares+ Carg,"$
2.480.000",https://articulo.mercadolibre.com.co/MCO-1339202115-celular-iphone-13-128-gb-reacondicionado-auriculares-carg-_JM?searchVariation=179930332729#polycard_client=search-nordic&searchVariation=179930332729&position=46&search_layout=stack&type=item&tracking_id=dd598752-c309-48cd-8e52-dd3d544a76bb,Envío gratis,4.9,CELULANDER,,,2
97,. Mini Smartphone Android Ultrapequeño Para Estudiantes,"$
163.947",https://articulo.mercadolibre.com.co/MCO-1485987787--mini-smartphone-android-ultrapequeno-para-estudiantes-_JM?searchVariation=185161844049#polycard_client=search-nordic&searchVariation=185161844049&position=47&search_layout=stack&type=item&tracking_id=dd598752-c309-48cd-8e52-dd3d544a76bb,Envío gratis,,Vendido por TEETOXMLCO,,,2
98,"Teléfono Celular Plegable Con Pantalla De 2g, 2.4 Pulgadas,","$
145.388",https://articulo.mercadolibre.com.co/MCO-2339716260-telefono-celular-plegable-con-pantalla-de-2g-24-pulgadas-_JM?searchVariation=182557578745#polycard_client=search-nordic&searchVariation=182557578745&position=48&search_layout=stack&type=item&tracking_id=dd598752-c309-48cd-8e52-dd3d544a76bb,Envío gratis,,Vendido por CNFENGYU-COR,,,2
99,Apple iPhone XR 64 Gb Negro - Celulares Libre,"$
2.849.000",https://articulo.mercadolibre.com.co/MCO-1150799817-apple-iphone-xr-64-gb-negro-celulares-libre-_JM?searchVariation=176189166319#polycard_client=search-nordic&searchVariation=176189166319&position=49&search_layout=stack&type=item&tracking_id=dd598752-c309-48cd-8e52-dd3d544a76bb,Envío gratis,,GAMEPLAYCOMCO,,,2
100,"Apple iPhone 12 Pro Max, 128 Gb, Azul Pacífico -","$
3.957.240",https://articulo.mercadolibre.com.co/MCO-2810163192-apple-iphone-12-pro-max-128-gb-azul-pacifico--_JM#polycard_client=search-nordic&position=17&search_layout=stack&type=item&tracking_id=2cf46fd3-11e3-4e61-b127-7e9eb85496e8,Envío gratis,,Vendido por USGLICGLOBALCOR,,,3
101,Apple iPhone 14 (256 GB) - Medianoche,"$
3.084.900",https://www.mercadolibre.com.co/apple-iphone-14-256-gb-medianoche/p/MCO19615344#polycard_client=search-nordic&searchVariation=MCO19615344&position=5&search_layout=stack&type=product&tracking_id=2cf46fd3-11e3-4e61-b127-7e9eb85496e8&wid=MCO2872726682&sid=search,Envío gratis,4.8,Vendido por VAGU_TECH,,,3
102,Mini Smartphone Android Ultrapequeño Para Estudiantes 2024.,"$
180.308",https://articulo.mercadolibre.com.co/MCO-1538653825-mini-smartphone-android-ultrapequeno-para-estudiantes-2024-_JM?searchVariation=186867125063#polycard_client=search-nordic&searchVariation=186867125063&position=18&search_layout=stack&type=item&tracking_id=2cf46fd3-11e3-4e61-b127-7e9eb85496e8,Envío gratis,,Vendido por CNLIAOCOR,,,3
103,iPhone 7 256 GB oro - Bueno (Reacondicionado),"$
484.900",https://www.mercadolibre.com.co/iphone-7-256-gb-oro-bueno-reacondicionado/p/MCO2000030667#polycard_client=search-nordic&searchVariation=MCO2000030667&position=13&search_layout=stack&type=product&tracking_id=2cf46fd3-11e3-4e61-b127-7e9eb85496e8&wid=MCO1573533707&sid=search,Envío gratis,,Celucambio,,,3
104,"Apple iPhone 12, 64 Gb, Azul - Desbloqueado (renovado)","$
3.330.323",https://www.mercadolibre.com.co/renewed-smartphone-apple-iphone-12-64gb-blue-unlocked/p/MCO2017646164#polycard_client=search-nordic&searchVariation=MCO2017646164&position=14&search_layout=stack&type=product&tracking_id=2cf46fd3-11e3-4e61-b127-7e9eb85496e8&wid=MCO2810727544&sid=search,Envío gratis,,Vendido por USGLICGLOBALCOR,,,3
105,iPhone 13 128gb 4gb Ram 5g,"$
3.999.900",https://articulo.mercadolibre.com.co/MCO-1552003371-iphone-13-128gb-4gb-ram-5g-_JM?searchVariation=187138251623#polycard_client=search-nordic&searchVariation=187138251623&position=19&search_layout=stack&type=item&tracking_id=2cf46fd3-11e3-4e61-b127-7e9eb85496e8,Envío gratis,,TT20241121125445,,,3
106,Mini Smartphone Android Ultrapequeño Para Estudiantes 2024.,"$
143.612",https://articulo.mercadolibre.com.co/MCO-1549716493-mini-smartphone-android-ultrapequeno-para-estudiantes-2024-_JM?searchVariation=187093381057#polycard_client=search-nordic&searchVariation=187093381057&position=20&search_layout=stack&type=item&tracking_id=2cf46fd3-11e3-4e61-b127-7e9eb85496e8,Envío gratis,,Vendido por CNGUIZHOUSHENGYANGCHENMCOR,,,3
107,Celular iPhone 13 Pro 256gb - Garantía 14 Meses,"$
4.699.900",https://articulo.mercadolibre.com.co/MCO-908841385-celular-iphone-13-pro-256gb-garantia-14-meses-_JM?searchVariation=174644989148#polycard_client=search-nordic&searchVariation=174644989148&position=21&search_layout=stack&type=item&tracking_id=2cf46fd3-11e3-4e61-b127-7e9eb85496e8,Envío gratis,,REFURBI,,,3
108,"Teléfono Con Tapa, Doble Pantalla, Doble Sim, Función Esper","$
177.307",https://articulo.mercadolibre.com.co/MCO-2748076744-telefono-con-tapa-doble-pantalla-doble-sim-funcion-esper-_JM?searchVariation=186131428321#polycard_client=search-nordic&searchVariation=186131428321&position=22&search_layout=stack&type=item&tracking_id=2cf46fd3-11e3-4e61-b127-7e9eb85496e8,Envío gratis,,Vendido por PTSHOPCO,,,3
109,Apple iPhone 14 128 Gb+ 6gb - Medianoche,"$
3.699.900",https://articulo.mercadolibre.com.co/MCO-2838816642-apple-iphone-14-128-gb-6gb-medianoche-_JM?searchVariation=187332995425#polycard_client=search-nordic&searchVariation=187332995425&position=23&search_layout=stack&type=item&tracking_id=2cf46fd3-11e3-4e61-b127-7e9eb85496e8,Envío gratis,,TT20241121125445,,,3
110,"Apple iPhone SE (segunda Generación), Versión Estadounidense","$
1.377.618",https://articulo.mercadolibre.com.co/MCO-2810117928-apple-iphone-se-segunda-generacion-version-estadounidense-_JM#polycard_client=search-nordic&position=24&search_layout=stack&type=item&tracking_id=2cf46fd3-11e3-4e61-b127-7e9eb85496e8,Envío gratis,,Vendido por USGLICGLOBALCOR,,,3
111,Apple iPhone 14 Pro Max (1 TB) - Color plata (Nuevo con caja abierta),"$
4.699.900",https://www.mercadolibre.com.co/apple-iphone-14-pro-max-1-tb-color-plata-nuevo-con-caja-abierta/p/MCO2015823269#polycard_client=search-nordic&searchVariation=MCO2015823269&position=12&search_layout=stack&type=product&tracking_id=2cf46fd3-11e3-4e61-b127-7e9eb85496e8&wid=MCO1585754947&sid=search,Envío gratis,,Vendido por MOBILE CONNECTION,,,3
112,Apple iPhone 15 Pro (512 GB) - Titanio Natural (Nuevo con caja abierta),"$
4.699.900",https://www.mercadolibre.com.co/apple-iphone-15-pro-512-gb-titanio-natural-nuevo-con-caja-abierta/p/MCO2016209278#polycard_client=search-nordic&searchVariation=MCO2016209278&position=10&search_layout=stack&type=product&tracking_id=2cf46fd3-11e3-4e61-b127-7e9eb85496e8&wid=MCO1585803787&sid=search,Envío gratis,,Vendido por MOBILE CONNECTION,,,3
113,"Mini Teléfono Plegable Para Personas Mayores: 2 G, Doble Sim","$
130.845",https://www.mercadolibre.com.co/mini-folding-phone-for-elderly-rechargeable-dual-sim-hd/p/MCO2012465272#polycard_client=search-nordic&searchVariation=MCO2012465272&position=11&search_layout=stack&type=product&tracking_id=2cf46fd3-11e3-4e61-b127-7e9eb85496e8&wid=MCO2841774726&sid=search,Envío gratis,,Vendido por BRIGHTCHOICECOR,,,3
114,Celular iPhone XS Max 256gb - Garantía 14 Meses,"$
1.799.900",https://articulo.mercadolibre.com.co/MCO-908872790-celular-iphone-xs-max-256gb-garantia-14-meses-_JM?searchVariation=174645064746#polycard_client=search-nordic&searchVariation=174645064746&position=25&search_layout=stack&type=item&tracking_id=2cf46fd3-11e3-4e61-b127-7e9eb85496e8,Envío gratis,,REFURBI,,,3
115,Apple iPhone 14 Pro Max (512 GB) - Color oro (Nuevo con caja abierta),"$
4.499.900",https://www.mercadolibre.com.co/apple-iphone-14-pro-max-512-gb-color-oro-nuevo-con-caja-abierta/p/MCO2016202344#polycard_client=search-nordic&searchVariation=MCO2016202344&position=1&search_layout=stack&type=product&tracking_id=2cf46fd3-11e3-4e61-b127-7e9eb85496e8&wid=MCO1585881393&sid=search,Envío gratis,,Vendido por MOBILE CONNECTION,,,3
116,iPhone SE 2022 64gb Reacondicionado,"$
899.900",https://articulo.mercadolibre.com.co/MCO-1425412943-iphone-se-2022-64gb-reacondicionado-_JM?searchVariation=180501916822#polycard_client=search-nordic&searchVariation=180501916822&position=26&search_layout=stack&type=item&tracking_id=2cf46fd3-11e3-4e61-b127-7e9eb85496e8,Envío gratis,,Celucambio,,,3
117,Apple iPhone 14 Pro (128 GB) - Negro espacial (Nuevo con caja abierta),"$
3.299.000",https://www.mercadolibre.com.co/apple-iphone-14-pro-128-gb-negro-espacial-nuevo-con-caja-abierta/p/MCO2015823263#polycard_client=search-nordic&searchVariation=MCO2015823263&position=7&search_layout=stack&type=product&tracking_id=2cf46fd3-11e3-4e61-b127-7e9eb85496e8&wid=MCO1585793285&sid=search,Envío gratis,,Vendido por MOBILE CONNECTION,,,3
118,"Apple iPhone XR, Versión Estadounidense, 128 Gb, Blanco, Gsm","$
1.994.346",https://articulo.mercadolibre.com.co/MCO-1536968009-apple-iphone-xr-version-estadounidense-128-gb-blanco-gsm-_JM#polycard_client=search-nordic&position=27&search_layout=stack&type=item&tracking_id=2cf46fd3-11e3-4e61-b127-7e9eb85496e8,Envío gratis,,Vendido por USGLICGLOBALCOR,,,3
119,"Apple iPhone SE 3.ª Generación, 64 Gb, Midnight - Desbloquea","$
2.220.271",https://articulo.mercadolibre.com.co/MCO-1536682581-apple-iphone-se-3-generacion-64-gb-midnight-desbloquea-_JM#polycard_client=search-nordic&position=28&search_layout=stack&type=item&tracking_id=2cf46fd3-11e3-4e61-b127-7e9eb85496e8,Envío gratis,,Vendido por USGLICGLOBALCOR,,,3
120,iPhone 8 Plus 256gb Rojo Apple Reacondicionado,"$
899.900",https://articulo.mercadolibre.com.co/MCO-843921358-iphone-8-plus-256gb-rojo-apple-reacondicionado-_JM?searchVariation=174029304179#polycard_client=search-nordic&searchVariation=174029304179&position=29&search_layout=stack&type=item&tracking_id=2cf46fd3-11e3-4e61-b127-7e9eb85496e8,Envío gratis,,Celucambio,,,3
121,Apple iPhone 14 Pro 256 Gb - Morado Oscuro Celular Libre,"$
7.999.000",https://articulo.mercadolibre.com.co/MCO-1150812258-apple-iphone-14-pro-256-gb-morado-oscuro-celular-libre-_JM?searchVariation=176189241759#polycard_client=search-nordic&searchVariation=176189241759&position=30&search_layout=stack&type=item&tracking_id=2cf46fd3-11e3-4e61-b127-7e9eb85496e8,Envío gratis,,GAMEPLAYCOMCO,,,3
122,iPhone 13 Pro Max 256gb Verde,"$
2.999.900",https://articulo.mercadolibre.com.co/MCO-2836432988-iphone-13-pro-max-256gb-verde-_JM?searchVariation=183180202758#polycard_client=search-nordic&searchVariation=183180202758&position=31&search_layout=stack&type=item&tracking_id=2cf46fd3-11e3-4e61-b127-7e9eb85496e8,Envío gratis,,Celucambio,,,3
123,iPhone 16 Pro Max De 256gb Esim Color Black Titanium Color Dorado Claro,"$
5.550.000",https://www.mercadolibre.com.co/iphone-16-pro-max-de-256gb-esim-color-black-titanium-color-dorado-claro/p/MCO47604524#polycard_client=search-nordic&searchVariation=MCO47604524&position=9&search_layout=stack&type=product&tracking_id=2cf46fd3-11e3-4e61-b127-7e9eb85496e8&wid=MCO2869562188&sid=search,Envío gratis,,Vendido por J20250513220906,,,3
124,"Apple iPhone 14 Pro, 256 Gb, Plateado - Desbloqueado","$
6.095.749",https://articulo.mercadolibre.com.co/MCO-2810117926-apple-iphone-14-pro-256-gb-plateado-desbloqueado-_JM#polycard_client=search-nordic&position=32&search_layout=stack&type=item&tracking_id=2cf46fd3-11e3-4e61-b127-7e9eb85496e8,Envío gratis,,Vendido por USGLICGLOBALCOR,,,3
125,iPhone 11 De 64gb Blanco + Zte A31 De 32gb Gris,"$
1.164.900",https://articulo.mercadolibre.com.co/MCO-1554198343-iphone-11-de-64gb-blanco-zte-a31-de-32gb-gris-_JM?searchVariation=183105435812#polycard_client=search-nordic&searchVariation=183105435812&position=33&search_layout=stack&type=item&tracking_id=2cf46fd3-11e3-4e61-b127-7e9eb85496e8,Envío gratis,,Celucambio,,,3
126,Apple iPhone 13 Pro Max 128 Gb - Azul Sierra (bateria 86%),"$
2.799.000",https://articulo.mercadolibre.com.co/MCO-2364692678-apple-iphone-13-pro-max-128-gb-azul-sierra-bateria-86-_JM?searchVariation=182686161391#polycard_client=search-nordic&searchVariation=182686161391&position=34&search_layout=stack&type=item&tracking_id=2cf46fd3-11e3-4e61-b127-7e9eb85496e8,Envío gratis,,Vendido por MPAZCO,,,3
127,iPhone 15 Plus 128gb 6gb Ram Apple,"$
3.050.990",https://articulo.mercadolibre.com.co/MCO-2842788316-iphone-15-plus-128gb-6gb-ram-apple-_JM?searchVariation=183276033742#polycard_client=search-nordic&searchVariation=183276033742&position=35&search_layout=stack&type=item&tracking_id=2cf46fd3-11e3-4e61-b127-7e9eb85496e8,Envío gratis,,Vendido por MICELUCO,,,3
128,iPhone 15 Plus 128gb Verde,"$
3.499.900",https://articulo.mercadolibre.com.co/MCO-1564705949-iphone-15-plus-128gb-verde-_JM?searchVariation=183281262308#polycard_client=search-nordic&searchVariation=183281262308&position=36&search_layout=stack&type=item&tracking_id=2cf46fd3-11e3-4e61-b127-7e9eb85496e8,Envío gratis,,Celucambio,,,3
129,Celular iPhone XS Max 64gb - Garantía 14 Meses,"$
1.699.900",https://articulo.mercadolibre.com.co/MCO-908854171-celular-iphone-xs-max-64gb-garantia-14-meses-_JM?searchVariation=174645008555#polycard_client=search-nordic&searchVariation=174645008555&position=37&search_layout=stack&type=item&tracking_id=2cf46fd3-11e3-4e61-b127-7e9eb85496e8,Envío gratis,,REFURBI,,,3
130,"Apple iPhone 13 Pro, 128 Gb, Sierra Blue - Desbloqueado","$
4.413.148",https://articulo.mercadolibre.com.co/MCO-2810131274-apple-iphone-13-pro-128-gb-sierra-blue-desbloqueado-_JM#polycard_client=search-nordic&position=38&search_layout=stack&type=item&tracking_id=2cf46fd3-11e3-4e61-b127-7e9eb85496e8,Envío gratis,,Vendido por USGLICGLOBALCOR,,,3
131,Apple iPhone 14 (128 Gb) - Medianoche,"$
2.270.000",https://articulo.mercadolibre.com.co/MCO-1547543179-apple-iphone-14-128-gb-medianoche-_JM?searchVariation=182998870644#polycard_client=search-nordic&searchVariation=182998870644&position=39&search_layout=stack&type=item&tracking_id=2cf46fd3-11e3-4e61-b127-7e9eb85496e8,Envío gratis,,Vendido por DTC_TIENDA,,,3
132,Apple iPhone 16e 128 Gb Negro,"$
4.227.640",https://articulo.mercadolibre.com.co/MCO-1566098317-apple-iphone-16e-128-gb-negro-_JM#polycard_client=search-nordic&position=40&search_layout=stack&type=item&tracking_id=2cf46fd3-11e3-4e61-b127-7e9eb85496e8,Envío gratis,,Vendido por IGMSLLCCOR,,,3
133,iPhone 12 Pro Max Oro 128gb,"$
2.699.900",https://articulo.mercadolibre.com.co/MCO-2836616766-iphone-12-pro-max-oro-128gb-_JM?searchVariation=183180000918#polycard_client=search-nordic&searchVariation=183180000918&position=41&search_layout=stack&type=item&tracking_id=2cf46fd3-11e3-4e61-b127-7e9eb85496e8,Envío gratis,,Celucambio,,,3
134,iPhone XR Negro 128gb Bateria Pieza Desconocida,"$
799.900",https://articulo.mercadolibre.com.co/MCO-1541516823-iphone-xr-negro-128gb-bateria-pieza-desconocida-_JM?searchVariation=182897285504#polycard_client=search-nordic&searchVariation=182897285504&position=42&search_layout=stack&type=item&tracking_id=2cf46fd3-11e3-4e61-b127-7e9eb85496e8,Envío gratis,,Celucambio,,,3
135,iPhone Barato Mejor El Honor X60i,"$
3.000.000",https://articulo.mercadolibre.com.co/MCO-2754085130-iphone-barato-mejor-el-honor-x60i-_JM?searchVariation=182332876408#polycard_client=search-nordic&searchVariation=182332876408&position=43&search_layout=stack&type=item&tracking_id=2cf46fd3-11e3-4e61-b127-7e9eb85496e8,Envío gratis,,Vendido por MH20240709014111,,,3
136,Teléfono Plegable 2g Dual Sim 1200 Mah Teléfono Plegable Dua,"$
128.731",https://www.mercadolibre.com.co/2g-flip-phone-dual-sim-1200mah-dual-sim-flip-phone-177in/p/MCO2006708965#polycard_client=search-nordic&searchVariation=MCO2006708965&position=15&search_layout=stack&type=product&tracking_id=2cf46fd3-11e3-4e61-b127-7e9eb85496e8&wid=MCO1448599009&sid=search,Envío gratis,,Vendido por CNAURORA8-COR,,,3
137,Apple iPhone 13 Pro Max (256 Gb) - Azul Sierra,"$
3.700.000",https://articulo.mercadolibre.com.co/MCO-1494181517-apple-iphone-13-pro-max-256-gb-azul-sierra-_JM?searchVariation=185557684749#polycard_client=search-nordic&searchVariation=185557684749&position=44&search_layout=stack&type=item&tracking_id=2cf46fd3-11e3-4e61-b127-7e9eb85496e8,Envío gratis,,Vendido por TEAMMOBILEBQ,,,3
138,Teléfono Móvil Pequeño Soyes Xs13 Pro Android 6.0 Dual Sim,"$
196.035",https://www.mercadolibre.com.co/telefono-movil-pequeno-soyes-xs13-pro-android-60-dual-sim/p/MCO2005686968#polycard_client=search-nordic&searchVariation=MCO2005686968&position=3&search_layout=stack&type=product&tracking_id=2cf46fd3-11e3-4e61-b127-7e9eb85496e8&wid=MCO1424047021&sid=search,Envío gratis,,Vendido por CNJIULINGERLINGCOR,,,3
139,Smartphone Android Barato C23 Ultra 6.8 Pulgadas 6 Gb + 256,"$
509.430",https://articulo.mercadolibre.com.co/MCO-2507966854-smartphone-android-barato-c23-ultra-68-pulgadas-6-gb-256-_JM?searchVariation=180975792580#polycard_client=search-nordic&searchVariation=180975792580&position=45&search_layout=stack&type=item&tracking_id=2cf46fd3-11e3-4e61-b127-7e9eb85496e8,Envío gratis,,Vendido por CNGOLDENCARFIELDMALLFFCOR,,,3
140,Smartphone Android Barato C23 Ultra 6.8 Pulgadas 6 Gb + 256,"$
538.516",https://articulo.mercadolibre.com.co/MCO-1507049155-smartphone-android-barato-c23-ultra-68-pulgadas-6-gb-256-_JM?searchVariation=186091352649#polycard_client=search-nordic&searchVariation=186091352649&position=46&search_layout=stack&type=item&tracking_id=2cf46fd3-11e3-4e61-b127-7e9eb85496e8,Envío gratis,,Vendido por CNAURORABOUTIQUEMALLCOR,,,3
141,A Mini Smartphone Soyes Xs13 Super 3g Dual Sim Wifi Small,"$
142.598",https://www.mercadolibre.com.co/a-am-smartphones-soyes-xs13-supper-mini-3g-dual-sim-con-wi-fi/p/MCO2005452945#polycard_client=search-nordic&searchVariation=MCO2005452945&position=16&search_layout=stack&type=product&tracking_id=2cf46fd3-11e3-4e61-b127-7e9eb85496e8&wid=MCO1539795061&sid=search,Envío gratis,,Vendido por CNLISHUIJINGJUNSHANGMAOCOR,,,3
142,"Mini Teléfono Plegable 2g Basic Phone, Teléfono Plegable Par","$
157.817",https://www.mercadolibre.com.co/mini-telefono-plegable-2g-basic-phone-telefono-plegable-par/p/MCO2012289058#polycard_client=search-nordic&searchVariation=MCO2012289058&position=6&search_layout=stack&type=product&tracking_id=2cf46fd3-11e3-4e61-b127-7e9eb85496e8&wid=MCO2844608658&sid=search,Envío gratis,,Vendido por CNLINLANCOR,,,3
143,Android Mobile 14 Pro Max 6.1 Pulgadas De Ram (1 Gb) Y Rom (,"$
192.569",https://www.mercadolibre.com.co/smartphone-i14-pro-max-61-pulgadas-16-gb-rom-1-gb-ram-andriod-purpura/p/MCO2002573086#polycard_client=search-nordic&searchVariation=MCO2002573086&position=4&search_layout=stack&type=product&tracking_id=2cf46fd3-11e3-4e61-b127-7e9eb85496e8&wid=MCO1567272173&sid=search,Envío gratis,,Vendido por CNHAIKOUKUIZHILINSHANGMCOR,,,3
144,"Celular Flip Seniors Phone Con Fuente Grande, Pantalla Grand","$
181.788",https://www.mercadolibre.com.co/flip-seniors-phone-big-font-big-screen-loud-phone-cell/p/MCO2015448559#polycard_client=search-nordic&searchVariation=MCO2015448559&position=8&search_layout=stack&type=product&tracking_id=2cf46fd3-11e3-4e61-b127-7e9eb85496e8&wid=MCO1581308091&sid=search,Envío gratis,,Vendido por CNWONSTON-COR,,,3
145,Apple iPhone 15 Plus (128 GB) - Verde - Excelente (Reacondicionado),"$
4.200.000",https://www.mercadolibre.com.co/apple-iphone-15-plus-128-gb-verde-excelente-reacondicionado/p/MCO2000027735#polycard_client=search-nordic&searchVariation=MCO2000027735&position=2&search_layout=stack&type=product&tracking_id=2cf46fd3-11e3-4e61-b127-7e9eb85496e8&wid=MCO2865740920&sid=search,Envío gratis,,Vendido por NEXUSNEST,,,3
146,"Mini Teléfono Inteligente Hello Kitty Lindo Para Niños, 2+16","$
260.634",https://articulo.mercadolibre.com.co/MCO-2823209248-mini-telefono-inteligente-hello-kitty-lindo-para-ninos-216-_JM?searchVariation=183000696296#polycard_client=search-nordic&searchVariation=183000696296&position=47&search_layout=stack&type=item&tracking_id=2cf46fd3-11e3-4e61-b127-7e9eb85496e8,Envío gratis,,Vendido por CNMERCADOKKCOR,,,3
147,"Teléfono Inteligente Smartphone Android S24 Ultra 16 + 1 Tb,","$
296.019",https://articulo.mercadolibre.com.co/MCO-2779160004-telefono-inteligente-smartphone-android-s24-ultra-16-1-tb-_JM?searchVariation=182587112346#polycard_client=search-nordic&searchVariation=182587112346&position=48&search_layout=stack&type=item&tracking_id=2cf46fd3-11e3-4e61-b127-7e9eb85496e8,Envío gratis,,Vendido por CNPCTIENDA-COR,,,3
148,"Teléfono Con Tapa, Doble Pantalla, Doble Sim, Función Esper","$
177.307",https://articulo.mercadolibre.com.co/MCO-2746369694-telefono-con-tapa-doble-pantalla-doble-sim-funcion-esper-_JM?searchVariation=186111672137#polycard_client=search-nordic&searchVariation=186111672137&position=49&search_layout=stack&type=item&tracking_id=2cf46fd3-11e3-4e61-b127-7e9eb85496e8,Envío gratis,,Vendido por CNMERCADOUUCOR,,,3
149,"iPhone 14 Pro Max 128gb Apple - Liberado, Esim","$
4.490.000",https://articulo.mercadolibre.com.co/MCO-1529170675-iphone-14-pro-max-128gb-apple-liberado-esim-_JM?searchVariation=182742510320#polycard_client=search-nordic&searchVariation=182742510320&position=50&search_layout=stack&type=item&tracking_id=2cf46fd3-11e3-4e61-b127-7e9eb85496e8,Envío gratis,,Vendido por TEAMMOBILEBQ,,,3
150,"Teléfono Con Tapa, Doble Pantalla, Doble Sim, Función Esper","$
174.178",https://articulo.mercadolibre.com.co/MCO-2746305282-telefono-con-tapa-doble-pantalla-doble-sim-funcion-esper-_JM?searchVariation=182271141126#polycard_client=search-nordic&searchVariation=182271141126&position=13&search_layout=stack&type=item&tracking_id=613aaa42-d834-418f-aa65-87b54f34a668,Envío gratis,,Vendido por CNMLSHOPCOR,,,4
151,Apple iPhone SE 2020 64gb 3gb Ram Liberado 4g/lte,"$
1.200.000",https://articulo.mercadolibre.com.co/MCO-1538453357-apple-iphone-se-2020-64gb-3gb-ram-liberado-4glte-_JM?searchVariation=186864348797#polycard_client=search-nordic&searchVariation=186864348797&position=14&search_layout=stack&type=item&tracking_id=613aaa42-d834-418f-aa65-87b54f34a668,Envío gratis,,Vendido por TEAMMOBILEBQ,,,4
152,Android Mobile 14 Pro Max 6.1 Pulgadas De Ram (1 Gb) Y Rom (,"$
241.482",https://www.mercadolibre.com.co/android-mobile-14-pro-max-61-inches-ram1gb-and-rom16gb/p/MCO2015399056#polycard_client=search-nordic&searchVariation=MCO2015399056&position=7&search_layout=stack&type=product&tracking_id=613aaa42-d834-418f-aa65-87b54f34a668&wid=MCO1525721773&sid=search,Envío gratis,,Vendido por CNPCTIENDA-COR,,,4
153,Smartphones Android Baratos Gt 20 Pro 5.0 Pulgadas,"$
234.507",https://articulo.mercadolibre.com.co/MCO-2746184224-smartphones-android-baratos-gt-20-pro-50-pulgadas-_JM?searchVariation=182271341056#polycard_client=search-nordic&searchVariation=182271341056&position=15&search_layout=stack&type=item&tracking_id=613aaa42-d834-418f-aa65-87b54f34a668,Envío gratis,,Vendido por BUNNYSHOPCO,,,4
154,ª Teléfono Inteligente M12 Ultra Dual Sim 64 Gb Negro 3 Gb R,"$
1.143.618",https://www.mercadolibre.com.co/telefono-inteligente-m12-ultra-dual-sim-64-gb-negro-3-gb-ram-plateado/p/MCO2012332373#polycard_client=search-nordic&searchVariation=MCO2012332373&position=11&search_layout=stack&type=product&tracking_id=613aaa42-d834-418f-aa65-87b54f34a668&wid=MCO2747124954&sid=search,Envío gratis,,Vendido por CNZAOHUANZHE-COR,,,4
155,Smartphones Android Baratos I14 Pro Max 6.1 En Dorado,"$
211.382",https://www.mercadolibre.com.co/telefonos-inteligentes-android-3g-i14-pro-max-61-pulgadas-de-ram1gb-y-rom8gb-dorado/p/MCO2002425809#polycard_client=search-nordic&searchVariation=MCO2002425809&position=10&search_layout=stack&type=product&tracking_id=613aaa42-d834-418f-aa65-87b54f34a668&wid=MCO1546535239&sid=search,Envío gratis,,Vendido por CNSHENZHENSHIJIEXUNTONGCOR,,,4
156,. Phone Android Barato I15 Pro Max 6.3 Black,"$
276.318",https://articulo.mercadolibre.com.co/MCO-1515189195--phone-android-barato-i15-pro-max-63-black-_JM#polycard_client=search-nordic&position=16&search_layout=stack&type=item&tracking_id=613aaa42-d834-418f-aa65-87b54f34a668,Envío gratis,,Vendido por CNTAIRY1COR,,,4
157,Nokia/nokia1616 Mobile Phone 2g With Smart Keyboard,"$
102.308",https://articulo.mercadolibre.com.co/MCO-1411562951-nokianokia1616-mobile-phone-2g-with-smart-keyboard-_JM?searchVariation=182408113673#polycard_client=search-nordic&searchVariation=182408113673&position=17&search_layout=stack&type=item&tracking_id=613aaa42-d834-418f-aa65-87b54f34a668,Envío gratis,,Vendido por CNCURRENSHOP-COR,,,4
158,Mini Smartphone Android Ultrapequeño Para Estudiantes.,"$
171.092",https://articulo.mercadolibre.com.co/MCO-1472143527-mini-smartphone-android-ultrapequeno-para-estudiantes-_JM?searchVariation=184526995681#polycard_client=search-nordic&searchVariation=184526995681&position=18&search_layout=stack&type=item&tracking_id=613aaa42-d834-418f-aa65-87b54f34a668,Envío gratis,4.6,Vendido por ZICHUANGWANGLUOCOR,,,4
159,Teléfono Celular Básico Dual Sim Dual Standby32mb/32ram 2.4,"$
166.273",https://www.mercadolibre.com.co/basic-cell-phone-dual-sim-dual-standby32mb32ram-24-three-proof-mobile-phone/p/MCO2008560614#polycard_client=search-nordic&searchVariation=MCO2008560614&position=8&search_layout=stack&type=product&tracking_id=613aaa42-d834-418f-aa65-87b54f34a668&wid=MCO2844583662&sid=search,Envío gratis,,Vendido por CNLINLANCOR,,,4
160,"Android Phone I14 Pro Max, 2 Gb De Ram, Dual Sim, 16 Gb De R","$
297.076",https://articulo.mercadolibre.com.co/MCO-2496626984-android-phone-i14-pro-max-2-gb-de-ram-dual-sim-16-gb-de-r-_JM?searchVariation=180926056630#polycard_client=search-nordic&searchVariation=180926056630&position=19&search_layout=stack&type=item&tracking_id=613aaa42-d834-418f-aa65-87b54f34a668,Envío gratis,,Vendido por CNGOLDENCARFIELDMALLFFCOR,,,4
161,Inteligente Chevvy Android Barato I15promax 8gb+25,"$
460.601",https://articulo.mercadolibre.com.co/MCO-1477889335-inteligente-chevvy-android-barato-i15promax-8gb25-_JM?searchVariation=181612294650#polycard_client=search-nordic&searchVariation=181612294650&position=20&search_layout=stack&type=item&tracking_id=613aaa42-d834-418f-aa65-87b54f34a668,Envío gratis,,Vendido por CNMOCOSTORE-COR,,,4
162,2024 Sj Smartphone Barato Gt10 Pro 4g Ram 12 Gb Rom512 Gb Pl,"$
447.368",https://www.mercadolibre.com.co/2024-sj-smartphone-barato-gt10-pro-4g-ram-12gb-rom-512-gb/p/MCO2006039944#polycard_client=search-nordic&searchVariation=MCO2006039944&position=9&search_layout=stack&type=product&tracking_id=613aaa42-d834-418f-aa65-87b54f34a668&wid=MCO2587691544&sid=search,Envío gratis,,Vendido por CNDEREKVELEDA-COR,,,4
163,"Miniteléfono K688 Hello Kitty Con Tapa, Bonito Par De Teléfo","$
148.474",https://www.mercadolibre.com.co/minitelefono-k688-hello-kitty-con-tapa-bonito-par-telefo/p/MCO2008573186#polycard_client=search-nordic&searchVariation=MCO2008573186&position=4&search_layout=stack&type=product&tracking_id=613aaa42-d834-418f-aa65-87b54f34a668&wid=MCO2781684980&sid=search,Envío gratis,,Vendido por LAMUTOASTCO,,,4
164,* Z X5 Pro Smartphone Dual Sim Phone 256+8 Gb De Ram 6.8,"$
425.089",https://articulo.mercadolibre.com.co/MCO-2743550972--z-x5-pro-smartphone-dual-sim-phone-2568-gb-de-ram-68-_JM?searchVariation=182249642750#polycard_client=search-nordic&searchVariation=182249642750&position=21&search_layout=stack&type=item&tracking_id=613aaa42-d834-418f-aa65-87b54f34a668,Envío gratis,,Vendido por CNGOLDENCARFIELDMALLFFCOR,,,4
165,iPhone 15 De 128gb Rosado Esim,"$
3.700.000",https://articulo.mercadolibre.com.co/MCO-1493357401-iphone-15-de-128gb-rosado-esim-_JM?searchVariation=185519351049#polycard_client=search-nordic&searchVariation=185519351049&position=22&search_layout=stack&type=item&tracking_id=613aaa42-d834-418f-aa65-87b54f34a668,Envío gratis,,Vendido por TEAMMOBILEBQ,,,4
166,Teléfono Inteligente Huawei Y9 Prime 2019 128 Gb Rom 6 Gb Ra,"$
736.623",https://articulo.mercadolibre.com.co/MCO-1569046641-telefono-inteligente-huawei-y9-prime-2019-128-gb-rom-6-gb-ra-_JM?searchVariation=183365096614#polycard_client=search-nordic&searchVariation=183365096614&position=23&search_layout=stack&type=item&tracking_id=613aaa42-d834-418f-aa65-87b54f34a668,Envío gratis,,Vendido por CNDEEPHOTCOR,,,4
167,Apple iPhone 14 De 128gb Rojo 12 Meses De Garantia,"$
2.900.000",https://articulo.mercadolibre.com.co/MCO-2821315300-apple-iphone-14-de-128gb-rojo-12-meses-de-garantia-_JM?searchVariation=182970525122#polycard_client=search-nordic&searchVariation=182970525122&position=24&search_layout=stack&type=item&tracking_id=613aaa42-d834-418f-aa65-87b54f34a668,Envío gratis,,Vendido por TEAMMOBILEBQ,,,4
168,iPhone 15 Esim Apple 128gb Dual Sim 6gb Ram Liberado,"$
4.060.000",https://articulo.mercadolibre.com.co/MCO-1528779013-iphone-15-esim-apple-128gb-dual-sim-6gb-ram-liberado-_JM?searchVariation=182731690934#polycard_client=search-nordic&searchVariation=182731690934&position=25&search_layout=stack&type=item&tracking_id=613aaa42-d834-418f-aa65-87b54f34a668,Envío gratis,,Vendido por TEAMMOBILEBQ,,,4
169,Teléfono Celular Desbloqueado S21 Ultra De 5.0 Pulgadas 1102,"$
295.934",https://www.mercadolibre.com.co/s21-ultra-smartphone-50-inch-110240v-unlocked-cell-phone/p/MCO2015572018#polycard_client=search-nordic&searchVariation=MCO2015572018&position=2&search_layout=stack&type=product&tracking_id=613aaa42-d834-418f-aa65-87b54f34a668&wid=MCO1402260797&sid=search,Envío gratis,,Vendido por CNWONSTON-COR,,,4
170,Flip Phone Sim Smartphone Botón Grande Para Personas Mayores,"$
245.541",https://articulo.mercadolibre.com.co/MCO-1302409371-flip-phone-sim-smartphone-boton-grande-para-personas-mayores-_JM?searchVariation=178526362805#polycard_client=search-nordic&searchVariation=178526362805&position=26&search_layout=stack&type=item&tracking_id=613aaa42-d834-418f-aa65-87b54f34a668,Envío gratis,,Vendido por CNTIEACHERRY-COR,,,4
171,"iPhone 14 Pro Max 128gb Apple - Liberado, Esim","$
4.500.000",https://articulo.mercadolibre.com.co/MCO-1529195223-iphone-14-pro-max-128gb-apple-liberado-esim-_JM?searchVariation=186703573899#polycard_client=search-nordic&searchVariation=186703573899&position=27&search_layout=stack&type=item&tracking_id=613aaa42-d834-418f-aa65-87b54f34a668,Envío gratis,,Vendido por TEAMMOBILEBQ,,,4
172,"Mini Teléfono Inteligente Hello Kitty Lindo Para Niños, 2+16","$
260.634",https://articulo.mercadolibre.com.co/MCO-1545238975-mini-telefono-inteligente-hello-kitty-lindo-para-ninos-216-_JM?searchVariation=187004975427#polycard_client=search-nordic&searchVariation=187004975427&position=28&search_layout=stack&type=item&tracking_id=613aaa42-d834-418f-aa65-87b54f34a668,Envío gratis,,Vendido por PTSHOPCO,,,4
173,"Teléfono Móvil Huawei P30 Pro De 128 Gb, Dual Sim Ram, 8 Gb","$
1.120.324",https://articulo.mercadolibre.com.co/MCO-2849007544-telefono-movil-huawei-p30-pro-de-128-gb-dual-sim-ram-8-gb-_JM?searchVariation=187536010931#polycard_client=search-nordic&searchVariation=187536010931&position=29&search_layout=stack&type=item&tracking_id=613aaa42-d834-418f-aa65-87b54f34a668,Envío gratis,,Vendido por CNDEEPHOTCOR,,,4
174,Teléfono Celular Q1 2g Desbloqueado Con Doble Sim Con Tamaño,"$
135.284",https://www.mercadolibre.com.co/q1-2g-cell-phone-unlocked-dual-sim-smartphone-with-large/p/MCO2008292110#polycard_client=search-nordic&searchVariation=MCO2008292110&position=12&search_layout=stack&type=product&tracking_id=613aaa42-d834-418f-aa65-87b54f34a668&wid=MCO2763484680&sid=search,Envío gratis,,Vendido por CNWONSTON-COR,,,4
175,Teléfonos Inteligentes Android Baratos 3g I14 Pro Max De 6.1,"$
210.832",https://www.mercadolibre.com.co/2025-android-celulares-i14-pro-max-pulgadas-barato-ram1gb-y-rom8gb-verde/p/MCO2008626403#polycard_client=search-nordic&searchVariation=MCO2008626403&position=5&search_layout=stack&type=product&tracking_id=613aaa42-d834-418f-aa65-87b54f34a668&wid=MCO2848969204&sid=search,Envío gratis,,Vendido por CNMOSONGCOR,,,4
176,Android Celulares I15 Pro Max 6.3 Pulgadas Barato Ram1gb Y R,"$
352.965",https://articulo.mercadolibre.com.co/MCO-1540200415-android-celulares-i15-pro-max-63-pulgadas-barato-ram1gb-y-r-_JM?searchVariation=182877363826#polycard_client=search-nordic&searchVariation=182877363826&position=30&search_layout=stack&type=item&tracking_id=613aaa42-d834-418f-aa65-87b54f34a668,Envío gratis,,Vendido por CNWORLDOFCREATION-COR,,,4
177,Smartphones Android Baratos Gt 20 Pro 5.0 Pulgadas,"$
234.803",https://articulo.mercadolibre.com.co/MCO-2748012222-smartphones-android-baratos-gt-20-pro-50-pulgadas-_JM?searchVariation=182286152046#polycard_client=search-nordic&searchVariation=182286152046&position=31&search_layout=stack&type=item&tracking_id=613aaa42-d834-418f-aa65-87b54f34a668,Envío gratis,,Vendido por PTSHOPCO,,,4
178,iPhone 8 Plus Dorado 64gb Liberado,"$
589.900",https://articulo.mercadolibre.com.co/MCO-2840986186-iphone-8-plus-dorado-64gb-liberado-_JM?searchVariation=187372440963#polycard_client=search-nordic&searchVariation=187372440963&position=32&search_layout=stack&type=item&tracking_id=613aaa42-d834-418f-aa65-87b54f34a668,Envío gratis,,Vendido por YAJO3673439,,,4
179,"Teléfono Con Tapa, Doble Pantalla, Doble Sim, Función Esper","$
177.053",https://articulo.mercadolibre.com.co/MCO-2746197360-telefono-con-tapa-doble-pantalla-doble-sim-funcion-esper-_JM?searchVariation=182271304034#polycard_client=search-nordic&searchVariation=182271304034&position=33&search_layout=stack&type=item&tracking_id=613aaa42-d834-418f-aa65-87b54f34a668,Envío gratis,,Vendido por BUNNYSHOPCO,,,4
